Comment,Description,Designator,Footprint,LibRef,Quantity,Farnell PN,Digikey,LCSC

"BDM2X3","","P1","BDM","BDM2X3","1","","",""
"470nF","Capacitor SMT 0805","C1, C3, C4, C8, C10","CCNP2012-0805","Cap","5","2497003","",""
"18pF","50V 1nF X7R �10% 0603 MLCC","C2, C7","CCNP1608-0603_N","Cap_CCNP_0603_18pF","2","","","C1647"
"10uF","25V 10uF X5R �10% 0805 MLCC","C5, C6, C9","CCNP2012-0805","Cap_CCNP_0805_10uF/25V","3","","","C15850"
"Serial","Header, 4-Pin","P4","HDR1X4S","Header 4","1","","",""
"LED Green","LED 0805 Green","D1","LED2012-0805-GREEN","LED-0805-Green","1","5790852","",""
"MC9S08JS16CWJ","Microcontroller with USB","U1","SO-G20","MC9S08JS16CWJ","1","1704517","",""
"MC33375ST-3.3T3","Low Dropout 300mA Voltage Regulator with ON/OFF Control","U2","SOT223","MC33375ST-3.3T3","1","1150444","",""
"MINISMDC050F-2","PolySwitch miniSMDC Series, 500 mA, 1 A, 24 VDC","F1","PTC4532-1812","MINISMDC050F-2","1","1175839","",""
"PIN2X1","","JP1","HDR1X2S","PIN2X1","1","","",""
"1k5","Resistor SMT","R1","CR2012-0805","Res","1","1632464","",""
"1M","Resistor SMT","R2","CR2012-0805","Res","1","9236392","",""
"5K1","Resistor SMT","R9, R10","CR2012-0805","Res","2","1631399","",""
"33R","Resistor SMT","R8, R11","CR2012-0805","Res","2","1631399","",""
"47R","Resistor SMT","R4, R6, R12","CR2012-0805","Res","3","1632490","",""
"100K","Resistor SMT","R3, R5, R13","CR2012-0805","Res","3","9332405, [NoParam], 1638463","",""
"680R","Resistor SMT","R7","CR2012-0805","Res","1","9334785","",""
"SN74LV125AD","Quad 3-state Buffer (5V Tolerant)","U3, U4","SO-14_M","SN74LV125AD","2","9592504","",""
"SMD-SW-4_5.1x5.1x2.0_M","Tactile Switch SPST 5.10mm X 5.10mm
(1.5mm=C318884)
(2.0mm=C318888)
(3.5mm=C318886)","S1","SMD-SW-4_5.1x5.1x2.0_M","SW_PB-TS","1","","","C318888"
"SWD-2x10","SWD Connector 2x10-Pin","P3","SWD-2x10 - reduced","SWD2X10-Reduced","1","","",""
"USB4085-GF-A","USB-C, USB 2.0 Receptacle Connector 16 Position Through Hole, Right Angle","USB1","USB4085-GF-A","USB4085-GF-A","1","2924867","2073-USB4085-GF-ACT-ND",""
"XTAL_YSX321SL","Crystal (YXC YSX321SL 12 MHZ 12.0PF)","Y1","Crystal_SMT - YSX321SL","XTAL_YSX321SL","1","1712815","","C9002"
